Judul Post,Kategori
XL Manjakan Para Pelanggan Dengan Luncurkan Internet Berkecepatan Tinggi,Internet & Komunikasi
Cara Mengatasi Smartphone Lemot (lag) Akibat Kehabisan Ram,Teknologi & Gadget
Browsing Cepat Tanpa Loading Menggunakan Google Web Accelerator,Internet & Komunikasi
Fungsi Bios Pada Perangkat Komputer (UEFI Dan BIOS),Hardware & Perangkat Keras
Cara Mengganti Tampilan GMail Dengan Custom Image,Produktivitas & Perangkat Lunak
Cara Melihat Orang Yang Melihat FB Kita (Plugin Dan Source Code),Keamanan & Privasi
Cara Melacak Hp Yang Hilang Dengan Mudah Tanpa Aplikasi,Teknologi & Gadget
Cara Memperkecil Ukuran Video Tanpa Mengurangi Kualitas [Handbrake],Multimedia & Hiburan
Tips Menghemat Baterai Iphone dan Android,Tips & Trik
Tips Mengamankan Akun Twitter Anda Dari Pembajakan,Keamanan & Privasi
Mencoba layanan Baru Facebook Explore Feed,Internet & Komunikasi
Cara Menggunakan Formula RANK Dalam Microsoft Excel,Produktivitas & Perangkat Lunak
"'Intel Management Engine: Fitur, Keamanan, dan Kompatibilitas'",Hardware & Perangkat Keras
"""[Centos] Cara Mudah Install Squid Proxy Dengan Script Auto Install""",Produktivitas & Perangkat Lunak
Single voucher Xl internet Semakin Manjakan Para Pelanggannya,Internet & Komunikasi
Cara Mudah Mengedit Dan Membuat Backup Windows Registry,Produktivitas & Perangkat Lunak
"Cara Mengatasi ""An authentication error has occurred.The function requested""",Keamanan & Privasi
Aplikasi Recovery Data Flashdisk Dan MMC Untuk mengembalikan file yang terhapus,Produktivitas & Perangkat Lunak
Cara Mudah Ripping CD ke MP3 (Kopi Mp3 Dari CD),Multimedia & Hiburan
Manipulasi Foto Wajah Lebih Artistik Dengan Photoshop,Multimedia & Hiburan
Menyusun Rapi Koleksi MP3 Menggunakan Windows Media Player,Multimedia & Hiburan
Cara Install Linux Untuk Pemula [Mandrakelinux & Ubuntu],Teknologi & Gadget
Distro linux paling ringan Yang Bisa Anda Coba Tanpa Perlu Di install,Teknologi & Gadget
Cara Menggunakan perintah dasar linux CLI,Teknologi & Gadget
"Wireless LAN Jadul Namun Tahan Banting, Surecom EP-9001GP",Hardware & Perangkat Keras
Hal Hal Penting Dan Mendasar Dalam Merancang Sebuah Jaringan Koneksi WAN,Jaringan & Internet
Cara Memblokir Telepon Masuk Menggunakan Google Call Screen,Keamanan & Privasi
Cara Mengetahui Password Wifi di Android dan Windows,Keamanan & Privasi
Cara Menghilangkan Status Online Di WA,Keamanan & Privasi
Cara Memblokir Dan Menghilangkan Iklan Di Handphone Android,Keamanan & Privasi
Cara Mengaktifkan Fitur Rekaman Video 4K UHD Pada Redmi Note 5 Pro,Teknologi & Gadget
Tips Mengatasi update windows yang error,Tips & Trik
Cara memperbaiki history google chrome Yang Hilang (Korup),Produktivitas & Perangkat Lunak
Tips dan Cara Memblokir Situs Dewasa Dan Konten Bermuatan Negatif,Keamanan & Privasi
Cara Mempercepat Kinerja Komputer dengan Disable Windows StartUp,Produktivitas & Perangkat Lunak
Beberapa Tips Dan Trik Berguna Saat Menggunakan Blackberry,Tips & Trik
Aplikasi Terpopuler Untuk iPhone Versi Unlocked,Teknologi & Gadget
Rubah Smartphone Jadul Menjadi kamera mikroskop Medis,Teknologi & Gadget
Teknologi Mengendalikan Ponsel Via Sensor Gerak,Teknologi & Gadget
Tips berguna Agar Ponsel CDMA Tidak Cepat Panas,Tips & Trik
'Toshiba Pro Theatre L4300 TV LED: Menikmati Android Di Tv Tanpa Set Top Box',Multimedia & Hiburan
"Wordstar, Aplikasi Pengolah Kata Terpopuler Dijamannya",Produktivitas & Perangkat Lunak
Fitur Unggulan Smartphone Idaman,Teknologi & Gadget
"Perbedaan processor 32 bit dan 64 bit, Fungsi Dan Fitur",Teknologi & Gadget
5 Aplikasi Catatan Terbaik Untuk Android,Produktivitas & Perangkat Lunak
kelebihan dan kekurangan windows phone 8,Teknologi & Gadget
Aplikasi Komik Online Reader Dan Webtoon Versi Offline Dan Online Untuk Smartphone,Multimedia & Hiburan
Fitur Unggulan Sistem OS Android Versi Terbaru – Android Q,Teknologi & Gadget
Cara Mengaktifkan dan Menggunakan Fitur Smart Reply Google Mail di Android,Produktivitas & Perangkat Lunak
"Gestures Swipe, Mengaktifkan Fitur tombol back Pada Android OS Terbaru",Produktivitas & Perangkat Lunak
Cara Mengaktifkan Android Sound Amplifier,Teknologi & Gadget
"Metode Pembayaran Google Play Melalui Gopay, Kartu Kredit Dan Pulsa Telkomsel",Teknologi & Gadget
Cara Top Up Google Play Dengan Kartu Debit,Teknologi & Gadget
""" RCP WiFi Berjangkauan 100 Km """,Jaringan & Internet
Metode Pembayaran Gopay Untuk Google Play,Teknologi & Gadget
Cara Mematikan Notifikasi Pop Up Dan Spam Yang Menggangu,Produktivitas & Perangkat Lunak
Cara Follow Unfollow Instagram Orang Lain Dengan Cepat,Internet & Komunikasi
Cara Membuat Akun Instagram Menggunakan HP Android,Internet & Komunikasi
10 Aplikasi Blokir Telepon Terbaik Untuk Android & iOS,Keamanan & Privasi
'Cara Menghapus Akun Instagram Permanen dan Sementara: Panduan Lengkap',Internet & Komunikasi
Cara Mematikan Centang Biru Di Wa Dengan Cepat Dan Mudah,Keamanan & Privasi
Daftar 10 Smartphone Murah Terbaru Di tahun 2022,Teknologi & Gadget
Aplikasi Pengubah Suara Terbaik Untuk IOS Dan Android,Teknologi & Gadget
Cara Mentransfer WhatsApp Chat Dari iOS ke Android,Internet & Komunikasi
8 Cara Untuk Mengatasi “Unfortunately the app has stopped” Di Android,Teknologi & Gadget
Cara Merubah Kartu MicroSD Sebagai Media Tambahan Penyimpanan Internal,Teknologi & Gadget
Aplikasi Untuk Share Screen Android Terbaik,Teknologi & Gadget
Kenapa HP tidak bisa di-charge saat hidup? Solusi dan Penyebabnya,Teknologi & Gadget
Aplikasi Cleaner Terbaik Untuk PC Dan Android,Teknologi & Gadget
downgrade windows 10 ke windows 7,Produktivitas & Perangkat Lunak
Cara melihat kata sandi instagram Tanpa Harus Reset Password,Keamanan & Privasi
Cara Mereset Hp OPPO Ke Setelan Pabrik( HARD RESET Dan SOFT RESET),Teknologi & Gadget
Cara download postingan ig Menggunakan Aplikasi,Internet & Komunikasi
"'Panduan Lengkap Menonton Film di Telegram: Cara, Kelebihan, Kekurangan, dan",Internet & Komunikasi
Cara live streaming youtube Dengan PC Dan Aplikasi,Multimedia & Hiburan
'Cara Menyalin Tautan Instagram (IG): Panduan Lengkap',Internet & Komunikasi
Cara menyembunyikan aplikasi di hp xiaomi Paling simple,Keamanan & Privasi
Cara mudah mencari judul lagu dengan suara,Multimedia & Hiburan
Cara Download Video TikTok Tanpa Watermark dengan dan tanpa aplikasi tambahan,Multimedia & Hiburan
Cara menambahkan musik dan lagu di story ig,Multimedia & Hiburan
Cara Mengubah Foto Ke Jpg Dengan Dan Tanpa Aplikasi Tambahan,Multimedia & Hiburan
Cara mengunci telegram Dengan Mudah,Internet & Komunikasi
Cara mengunduh sound dan musik di tiktok,Multimedia & Hiburan
Cara Mudah membuat link zoom meeting,Internet & Komunikasi
'Solusi Cepat dan Mudah untuk Mengubah JPG ke PDF: Cara Optimalkan Ukuran File,Produktivitas & Perangkat Lunak
Cara mengganti background zoom,Internet & Komunikasi
Cara stop berlangganan indihome Dengan Mudah Dan Praktis,Jaringan & Internet
Cara mengetahui link instagram,Internet & Komunikasi
Cara menghapus video di tiktok,Multimedia & Hiburan
Cara menghapus akun tiktok Berikut Video,Internet & Komunikasi
Efek Dan Filter instagram yang bagus untuk selfie,Multimedia & Hiburan
'Efek Instagram yang Memukau: Cara Membuat Efek Instagram dengan Cepat dan,Multimedia & Hiburan
Cara Melakukan video call WhatsApp Di Laptop Dan HP,Internet & Komunikasi
cara menambahkan musik dan lagu di instagram story,Multimedia & Hiburan
Cara Mengaktifkan Sidik Jari (Fingerprint) Di Hp Xiaomi,Teknologi & Gadget
Penyebab dan Solusi kenapa shopee paylater tidak bisa digunakan Untuk Melakukan,Keamanan & Privasi
Cara melihat last seen telegram Dengan Mudah,Internet & Komunikasi
Cara membuat channel telegram Dengan mudah,Internet & Komunikasi
Cara Mudah melihat id telegram sendiri,Internet & Komunikasi
Cara daftar dan buat akun telegram dengan email,Internet & Komunikasi
Cara membuat linktree Secara Mudah Dan Gratis,Internet & Komunikasi
'Cara Membuat Linktree Pro: Panduan Lengkap',Internet & Komunikasi
Cara menggunakan linktree di instagram Untuk Mempromosikan Brand Dan Pemasaran,Internet & Komunikasi
'Cara Cepat dan Mudah Mengaktifkan Dark Mode di Google ',Produktivitas & Perangkat Lunak
"Cara Mendownload, Menggunakan, dan Berbagi Video di Vidogram",Internet & Komunikasi
'Rekomendasi 7 Aplikasi Musik Offline Terbaik di Indonesia ',Multimedia & Hiburan
5 Layanan Streaming Musik Terbaik yang Harus Anda Coba,Multimedia & Hiburan
Cara Berlangganan Spotify dan Mengenal Jenis Layanan yang Ditawarkan,Multimedia & Hiburan
'Spotify Premium: Panduan Mengenal Fitur-fitur yang Tersedia',Multimedia & Hiburan
Cara Mudah dan Gratis Mengunduh Video TikTok Terbaik - Aplikasi Pengunduh Video,Multimedia & Hiburan
Apa Itu Bad Sector dan Bagaimana Cara Mengatasinya?,Hardware & Perangkat Keras
Cara Melindungi Akun Facebook Anda dengan fitur Facebook Protect,Keamanan & Privasi
Daftar 10 Aplikasi Pemutar Musik Terbaik untuk Android,Multimedia & Hiburan
Panduan Lengkap Menonaktifkan Komentar di Postingan Facebook,Keamanan & Privasi
Langkah-langkah Mengecek Tagihan Pembayaran Indihome,Jaringan & Internet
Panduan Lengkap Cara Melihat FUP Indihome,Jaringan & Internet
Cara Mengunduh Video YouTube yang Gampang dan Cepat,Multimedia & Hiburan
"Cara membatasi pengguna wifi indihome (Blokir Via MAC blacklist,Whitelist dan",Jaringan & Internet
Cara membuka isolir indihome (Wifi Dan Lan) via Call Center dan internet tunelling,Jaringan & Internet
Kelebihan Google Keep dibandingkan Aplikasi Catatan Lainnya,Produktivitas & Perangkat Lunak
Mengenal Manfaat Cache dan Bagaimana Cara Membersihkan browser Cache,Produktivitas & Perangkat Lunak
Tips dan Trik Berjualan di Tiktok Shop untuk Pemula,Tips & Trik
Kelebihan dan Manfaat Menggunakan Buku Digital dan Situs Digital Libraries,Produktivitas & Perangkat Lunak
Website dan aplikasi belajar bahasa korea gratis untuk pemula,Produktivitas & Perangkat Lunak
Kenali fitur dan Keunggulan Google Meet untuk Video Conferencing,Internet & Komunikasi
"Aplikasi HRIS untuk Kelancaran Bisnis Perusahaan, 5 aplikasi human resource terbaik",Produktivitas & Perangkat Lunak
Manajemen Pembukuan Usaha Kecil? Simpel dan Mudah dengan Aplikasi Ini!,Produktivitas & Perangkat Lunak
Cara Main Game PS2 di Android dengan Emulator,Multimedia & Hiburan
Cara membersihkan Cache Pada Konsol Xbox,Multimedia & Hiburan
'Cara Mencegah Virus dan Malware di Internet: Tips dan Trik yang Perlu Anda,Keamanan & Privasi
Cara Mudah Mengganti Wallpaper Android Secara Otomatis Dengan Aplikasi,Produktivitas & Perangkat Lunak
Dampak Positif dan negatif perkembangan teknologi bagi masyarakat,Tips & Trik
10 ponsel dengan kamera selfie terbaik,Teknologi & Gadget
Daftar 13 Ponsel dengan Daya Tahan Baterai Terbaik di Tahun 2023,Teknologi & Gadget
"Panduan Lengkap Cara Menyiapkan, Mengubah, dan Menghapus Layar Kunci di Ponsel",Teknologi & Gadget
'Solusi Mudah: WiFi Tersambung di Android tapi Tidak Ada Akses Internet',Jaringan & Internet
Mengapa Impor Konten XML ke Blogspot Gagal dan Bagaimana Memperbaikinya,Produktivitas & Perangkat Lunak
Perbedaan Mendasar Antara Apache dan NGINX dalam Dunia Server Web,Jaringan & Internet
Fitur dan Manfaat Nginx Plus,Jaringan & Internet
